Question Number,Question,Answer,Category,Difficulty
1,What is the difference between compilation and interpretation?,Compilation translates source code into machine code creating an executable file. Interpretation translates and executes code line by line without an executable.,General Programming,Medium
2,Explain the concept of polymorphism.,"Polymorphism allows objects of different classes to be treated as objects of a common superclass, enabling method overriding.",General Programming,Medium
3,Define encapsulation and give an example.,"Encapsulation bundles data and methods in a class, restricting direct data access. Example: class with private data and public methods.",General Programming,Hard
4,"What is an abstract class, and how is it different from an interface?",An abstract class can't be instantiated and can have abstract and concrete methods. An interface only has method signatures without implementations.,General Programming,Medium
5,Describe the principles of Object-Oriented Programming (OOP).,"OOP principles include encapsulation, inheritance, polymorphism, and abstraction, promoting organized and maintainable code.",General Programming,Medium
6,What is the purpose of a constructor?,"A constructor initializes object properties upon class instantiation, ensuring a well-defined state.",General Programming,Medium
7,Explain the difference between stack and heap memory.,"Stack memory stores local variables and function calls; heap memory is for dynamic allocation. Stack operates in LIFO, heap managed manually or by garbage collection.",General Programming,Medium
8,"What is a design pattern, and can you name a few?","Design patterns are solutions to common design problems. Examples: Singleton, Factory, Observer, MVC.",General Programming,Medium
9,"Define the term ""DRY"" in software development.",DRY (Don't Repeat Yourself) advocates for avoiding code duplication by reusing existing code.,General Programming,Medium
10,What is the SOLID principle?,"SOLID represents five design principles for OOP: Single Responsibility, Open/Closed, Liskov Substitution, Interface Segregation, Dependency Inversion.",General Program,Hard
11,What is the difference between an array and a linked list?,"An array has fixed size and stores elements in contiguous memory; a linked list consists of nodes with data and references, allowing dynamic size.",Data Structures,Easy
12,Explain the time complexity of an algorithm.,"Time complexity measures the time an algorithm takes relative to its input size, expressed in Big O notation.",Data Structures,Hard
13,Describe the difference between a binary search tree and a hash table.,"A binary search tree is hierarchical, maintaining order; a hash table maps keys to values for fast retrieval, without maintaining order.",Data Structures,Medium
14,What is a linked list and how does it work?,"A linked list is a series of nodes each containing data and a reference to the next node, allowing dynamic memory allocation and efficient insertions/deletions.",Data Structures,Medium
15,Explain the concept of recursion.,"Recursion is when a function calls itself to solve subproblems, with a base case to terminate recursion.",Data Structures,Medium
16,"What is Big O notation, and why is it important?","Big O notation describes the upper bound of algorithm time complexity, important for comparing efficiency and growth rates.",Data Structures,Medium
17,How do you perform a binary search on a sorted array?,"Binary search divides the search interval in half, repeatedly comparing the middle element to the target.",Data Structures,Hard
18,Discuss the advantages and disadvantages of different sorting algorithms.,Sorting algorithms vary in time/space complexity and stability. Quick Sort and Merge Sort are fast but more complex; Insertion and Bubble Sort are simple but slower.,Data Structures,Medium
19,Explain how a hash table works.,"A hash table uses a hash function to map keys to values in an array, allowing fast O(1) access.",Data Structures,Medium
20,What is dynamic programming?,"Dynamic programming solves complex problems by dividing them into smaller subproblems, avoiding redundant calculations.",Data Structures,Hard
21,What is the difference between Java and JavaScript?,"Java is a compiled, statically-typed language used for server-side, mobile, and desktop apps. JavaScript is an interpreted, dynamically-typed language for web development.",Languages and Frameworks,Medium
22,Describe the MVC architectural pattern.,"MVC divides an application into Model (data), View (UI), and Controller (input handling), promoting separation of concerns.",Languages and Frameworks,Medium
23,What is a RESTful API?,"RESTful API is a web service implementation using HTTP methods to perform CRUD operations on resources, adhering to stateless, client-server architecture.",Languages and Frameworks,Medium
24,"Explain the use of ""this"" keyword in JavaScript.","""this"" in JavaScript refers to the execution context, varying based on function calling, global scope, or event handlers.",Languages and Frameworks,Medium
25,What is a closure in programming?,A closure is a function with access to its outer scope variables even after the outer function has executed.,Languages and Frameworks,Medium
26,What are the differences between Python 2 and Python 3?,"Python 3 has print as a function, true division, Unicode support by default, and different syntax for exceptions, unlike Python 2.",Languages and Frameworks,Medium
27,Discuss the role of a package manager like npm or pip.,"Package managers manage installation, update, and dependency resolution of libraries, simplifying library management in development.",Languages and Frameworks,Hard
28,Explain the concept of multi-threading in Java.,"Multi-threading in Java allows concurrent execution of multiple threads, improving application responsiveness and performance.",Languages and Frameworks,Medium
29,What is a Singleton pattern?,"Singleton ensures a class has only one instance and provides a global access point to it, useful for shared resources.",Languages and Frameworks,Medium
30,What is a virtual function in C++?,"Virtual functions in C++ allow derived classes to override them, enabling runtime polymorphism and dynamic method dispatch.",Languages and Frameworks,Medium
31,"What is a database index, and why is it important?","A database index speeds up data retrieval, similar to a book's index, improving query performance.",Database and SQL,Medium
32,Explain the differences between SQL and NoSQL databases.,SQL databases use structured query language with a predefined schema; NoSQL databases store schema-less data with flexible models.,Database and SQL,Medium
33,What is a foreign key in a database?,"A foreign key links two tables by referring to the primary key in another table, ensuring referential integrity.",Database and SQL,Medium
34,Describe the ACID properties in database transactions.,"ACID: Atomicity (indivisible transactions), Consistency (consistent state transitions), Isolation (independent transactions), Durability (persisted changes).",Database and SQL,Hard
35,How do you optimize a SQL query for better performance?,"Optimize using indexes, efficient SQL, limiting data retrieval, analyzing query performance, and considering denormalization.",Database and SQL,Easy
36,What is normalization in database design?,"Normalization organizes data into separate tables to reduce redundancy and improve integrity, following normalization forms.",Database and SQL,Hard
37,Explain the difference between INNER JOIN and LEFT JOIN in SQL.,INNER JOIN returns matching rows from both tables; LEFT JOIN returns all rows from the left table and matching rows from the right.,Database and SQL,Medium
38,"What is a stored procedure, and when would you use one?","Stored procedures are precompiled SQL statements for data manipulation and logic, used for repetitive tasks and improving performance.",Database and SQL,Medium
39,"What is database denormalization, and when is it appropriate?","Denormalization introduces redundancy for performance, useful in read-heavy scenarios at the expense of storage and complexity.",Database and SQL,Medium
40,Discuss the advantages and disadvantages of using an ORM tool.,ORM simplifies database interactions and is language-agnostic. It can introduce performance overhead and may limit database features.,Database and SQL,Medium
41,What is the Document Object Model (DOM)?,"The DOM is a tree-like representation of a web page's structure, allowing manipulation of content, structure, and style via programming languages.",Web Development,Hard
42,Explain the difference between HTTP and HTTPS.,"HTTP is an unsecured data transmission protocol; HTTPS is secure, encrypting data in transit using SSL/TLS.",Web Development,Medium
43,What is CORS (Cross-Origin Resource Sharing)?,"CORS is a security measure allowing or restricting resources requested from another domain, managed via HTTP headers.",Web Development,Medium
44,Describe the purpose of a web server like Apache or Nginx.,"Web servers handle HTTP requests, serve content, manage security, routing, and can act as reverse proxies for application servers.",Web Development,Medium
45,"What is a cookie, and how does it work?","Cookies are data stored on the user's computer by the web server, sent with HTTP requests for session management, tracking, and storing preferences.",Web Development,Hard
46,What is a session in web development?,"A session maintains stateful information across multiple HTTP requests, typically for user authentication and data storage.",Web Development,Medium
47,Explain the concept of responsive web design.,"Responsive design ensures web content functions across different devices and screen sizes, using CSS media queries and flexible layouts.",Web Development,Medium
48,Describe the differences between GET and POST requests.,"GET requests retrieve data and include parameters in the URL; POST requests send data to the server, encapsulating data in the request body.",Web Development,Medium
49,What is the importance of SEO in web development?,"SEO enhances a website's visibility in search engine results, improving organic traffic and user reach through optimized content and structure.",Web Development,Medium
50,How does a web browser render a web page?,"Browsers parse HTML to create a DOM, fetch resources, build a rendering tree, apply CSS, calculate layout, and paint the page on the screen.",Web Development,Medium
51,"What is unit testing, and why is it important?","Unit testing evaluates individual code components, ensuring correctness and facilitating early defect detection.",Software Testing,Medium
52,Explain the difference between black-box and white-box testing.,Black-box tests functionality without internal code knowledge; white-box tests internal code logic and structure.,Software Testing,Hard
53,What is regression testing?,"Regression testing ensures new code changes don't break existing features, maintaining functionality over updates.",Software Testing,Easy
54,Describe the purpose of code reviews.,"Code reviews identify defects, improve quality, enforce standards, and facilitate knowledge sharing.",Software Testing,Hard
55,What is continuous integration (CI) and continuous delivery (CD)?,CI involves frequent code integration and testing; CD extends CI by deploying changes to production automatically after testing.,Software Testing,Medium
56,Explain the concept of code coverage in testing.,"Code coverage measures the extent of code tested, assessing test thoroughness and identifying untested areas.",Software Testing,Medium
57,What is a test case and how do you write one?,"A test case outlines test conditions, inputs, and expected results, structured with objective, steps, and documentation.",Software Testing,Medium
58,"What is load testing, and why is it necessary?","Load testing evaluates system performance under expected load conditions, identifying bottlenecks and scalability issues.",Software Testing,Medium
59,Describe the differences between manual and automated testing.,Manual testing is human-driven; suitable for exploratory and UX testing. Automated testing uses tools for repetitive tasks; suitable for regression and performance testing.,Software Testing,Hard
60,What is a bug tracking system?,"A bug tracking system logs, manages, and resolves issues in software development, ensuring systematic problem handling.",Software Testing,Medium
61,"What is Git, and how does it work?","Git is a distributed version control system for tracking changes in source code, allowing collaborative work and branch management.",Version Control,Medium
62,Explain the difference between Git and SVN (Subversion).,"Git is distributed, with local repository copies; SVN is centralized, requiring network connectivity for repository access.",Version Control,Hard
63,"What is a merge conflict, and how do you resolve it in Git?",Merge conflicts occur when changes in different branches clash. Resolve by manually editing files and committing the result.,Version Control,Medium
64,Describe the purpose of branching in version control.,"Branching isolates development work without affecting other parts of the repository, aiding in feature development and experimentation.",Version Control,Medium
65,"What is a pull request (PR), and how does it work?","A PR is a request to merge code from one branch to another, facilitating code review and discussion before integration.",Version Control,Medium
66,How do you handle code conflicts in a team project?,"Resolve code conflicts through communication, careful review, manual merging, testing, and documenting resolutions.",Version Control,Medium
67,"What is code refactoring, and why is it important?","Refactoring improves code structure and readability without altering functionality, enhancing maintainability and quality.",Version Control,Medium
68,Explain the role of Git branching strategies like GitFlow.,"GitFlow organizes branches and releases, defining naming conventions and branch purposes for structured and organized development.",Version Control,Medium
69,"What is Git rebase, and when would you use it?",Git rebase re-applies commits onto another base for a cleaner history. Use with caution to maintain a linear project history.,Version Control,Hard
70,Discuss the advantages of distributed version control systems.,"Distributed systems allow offline work, flexible branching/merging, faster operations, redundancy, and collaborative workflows.",Version Control,Medium
71,Describe the concept of microservices architecture.,"Microservices architecture consists of small, independent services communicating via APIs, each responsible for specific functionality, promoting scalability and maintenance.",System Design,Medium
72,"What is a load balancer, and why is it used in web applications?","A load balancer distributes incoming traffic across servers, ensuring resource efficiency, fault tolerance, and high availability.",System Design,Medium
73,Explain the importance of caching in web applications.,"Caching stores frequently accessed data for faster retrieval, reducing backend load, improving performance, and enhancing user experience.",System Design,Medium
74,What is a CDN (Content Delivery Network)?,"A CDN is a network of servers for delivering content efficiently to users based on geographic proximity, reducing latency and load times.",System Design,Medium
75,Discuss the pros and cons of monolithic vs. microservices architecture.,Monolithic is simple but less scalable; microservices offer scalability and flexibility but are complex to manage.,System Design,Medium
76,What is a stateless vs. stateful service?,"Stateless services don't retain client data between requests; stateful services maintain client state, useful for sessions and transactions.",System Design,Hard
77,Explain the concept of CAP theorem in distributed systems.,"The CAP theorem states that in a distributed system, you cannot simultaneously guarantee Consistency, Availability, and Partition Tolerance at all times.",System Design,Easy
78,How do you ensure data consistency in a distributed database?,"Ensure consistency using strong consistency models, two-phase commits, optimistic concurrency control, and conflict resolution strategies.",System Design,Hard
79,Describe the role of a reverse proxy in a web application.,"A reverse proxy routes client requests to appropriate servers, providing load balancing, SSL termination, caching, and security.",System Design,Medium
80,"What is a message broker, and when would you use one?","A message broker facilitates communication in distributed systems through asynchronous messaging, used in event-driven architectures and high-volume scenarios.",System Design,Medium
81,"What is SQL injection, and how can it be prevented?","SQL injection exploits vulnerabilities to execute malicious SQL. Prevent with parameterized queries, input validation, and least privilege access.",Security,Medium
82,Explain the concept of Cross-Site Scripting (XSS).,"XSS injects malicious scripts into web apps, executed by users' browsers. Prevent with input validation, output encoding, and CSP.",Security,Medium
83,What is two-factor authentication (2FA)?,2FA adds extra security by requiring two verification forms: something known (password) and something possessed (device).,Security,Hard
84,Describe the process of password hashing and salting.,"Hashing transforms passwords into hashes using algorithms; salting adds randomness, enhancing security against attacks.",Security,Medium
85,"What is OAuth, and how does it work?","OAuth allows third-party app access to user data without exposing credentials, using access tokens for authorization.",Security,Medium
86,How do you protect against session fixation attacks?,"Protect by regenerating session IDs post-authentication, using unpredictable IDs, and tying IDs to user authentication.",Security,Medium
87,Explain the principles of least privilege and defense in depth.,Least privilege limits access rights; defense in depth layers security. Both minimize attack surfaces and provide redundancy.,Security,Hard
88,What is a DDoS (Distributed Denial of Service) attack?,"A DDoS attack overwhelms a target with traffic, causing unavailability. Mitigate with DDoS protection, rate limiting, and traffic analysis.",Security,Medium
89,How can you secure sensitive data in a mobile app?,"Secure data by encrypting at rest and in transit, using secure authentication, and following best practices.",Security,Medium
90,Discuss the importance of security in API design.,"API security is vital to protect data and prevent unauthorized access, using authentication, validation, rate limiting, and encryption.",Security,Medium
91,"What is Docker, and how does it work?","Docker is a containerization platform packaging applications with dependencies, ensuring consistent environments across systems.",DevOps,Medium
92,Explain the concept of container orchestration.,"Container orchestration automates deployment, scaling, and management of containers, optimizing resource use and handling failures.",DevOps,Medium
93,"What is Kubernetes, and why is it popular in container management?","Kubernetes is an open-source container orchestration platform automating deployment and management, known for its scalability and community support.",DevOps,Medium
94,Describe the process of continuous integration and continuous delivery (CI/CD).,"CI/CD automates build, test, and deployment processes, delivering code changes rapidly and reliably to production.",DevOps,Hard
95,What is infrastructure as code (IaC)?,"IaC manages infrastructure using code, ensuring consistency, automation, and version control in deployments.",DevOps,Easy
96,How do you monitor the performance of a web application?,"Monitor using tools to collect and analyze data on response times, resource utilization, error rates, and user experience.",DevOps,Hard
97,Discuss the importance of automated testing in CI/CD pipelines.,"Automated testing in CI/CD ensures code changes are defect-free, enhancing reliability and speeding up delivery.",DevOps,Medium
98,"What is Blue-Green deployment, and when would you use it?",Blue-Green deployment alternates between two production environments for easy rollbacks and minimal downtime during updates.,DevOps,Medium
99,Explain the role of a configuration management tool like Ansible.,"Configuration management tools automate provisioning and management of software and infrastructure, ensuring consistency and efficiency.",DevOps,Medium
100,"Describe the benefits of using a cloud platform like AWS, Azure, or Google Cloud.","Cloud platforms offer scalability, cost-efficiency, global reach, and managed services, reducing operational burdens with security and compliance features.",DevOps,Medium
101,Explain the concept of 'closure' in JavaScript.,A closure is a function that remembers its outer variables and can access them.,Front-end,Hard
102,Describe the use of Docker in a DevOps environment.,"Docker allows for packaging applications in containers, facilitating consistent deployment across different environments.",DevOps,Medium
103,What is a 'race condition' in software development?,A race condition occurs when the system's behavior depends on the sequence or timing of other uncontrollable events.,Back-end,Medium
104,How would you optimize a website's load time?,"Optimizations can include minimizing HTTP requests, using CDNs, compressing files, caching, etc.",Front-end,Hard
105,What is the difference between SQL and NoSQL databases?,"SQL databases are structured, use SQL, and are better for complex queries. NoSQL databases are flexible, scale well, and are good for hierarchical data storage.",Back-end,Medium
106,Can you explain the concept of 'state' in React?,State in React is an object that holds some information that may change over the lifecycle of the component.,Front-end,Medium
107,What is continuous integration in DevOps?,Continuous integration is the practice of automating the integration of code changes into a software project.,DevOps,Medium
108,How do you implement a binary search algorithm?,"Binary search involves repeatedly dividing in half the portion of the list that could contain the item, until you've narrowed the possibilities to just one.",Full-stack,Medium
109,Describe the MVC architecture.,"MVC architecture stands for Model-View-Controller, separating the application into three interconnected components.",Full-stack,Medium
110,What are microservices and how do they differ from monolithic architectures?,"Microservices are a software development techniquea variant of the service-oriented architecture architectural style that structures an application as a collection of loosely coupled services. In a monolithic architecture, all components are interconnected and interdependent.",Back-end,Medium
111,Explain the difference between '==' and '===' in JavaScript.,"'==' compares values after type conversion, while '===' compares both value and type.",Front-end,Hard
112,What is Kubernetes and how does it relate to containerization?,"Kubernetes is an open-source platform for automating deployment, scaling, and operations of application containers across clusters of hosts.",DevOps,Medium
113,Describe how you would implement a RESTful API in a back-end application.,"A RESTful API is implemented by setting up HTTP routes (GET, POST, PUT, DELETE) and handling requests and responses in a stateless manner, often using JSON.",Back-end,Medium
114,What are the benefits of server-side rendering vs client-side rendering?,"Server-side rendering improves initial page load time and SEO, while client-side rendering is good for dynamic websites with less initial loading content.",Front-end,Medium
115,How do NoSQL databases handle data scaling compared to traditional SQL databases?,NoSQL databases are generally more scalable and provide superior performance for large-scale applications due to their flexibility in handling unstructured data.,Back-end,Medium
116,Explain the use of hooks in React.,Hooks are functions that let you 'hook into' React state and lifecycle features from function components.,Front-end,Medium
117,What is Infrastructure as Code (IaC) and its significance in DevOps?,"IaC is the management of infrastructure (networks, virtual machines, load balancers, etc.) in a descriptive model, using code, which increases development and deployment speed.",DevOps,Medium
118,Describe the process of memoization in programming.,Memoization is an optimization technique used to speed up programs by storing the results of expensive function calls.,Full-stack,Hard
119,What are the advantages of using a microservices architecture?,"Advantages include easier scalability, flexibility in choosing technology, better fault isolation, and improved continuous deployment.",Back-end,Easy
120,Explain the SOLID principles in software engineering.,"SOLID stands for Single Responsibility, Open-Closed, Liskov Substitution, Interface Segregation, and Dependency Inversion principles, guiding towards more maintainable, understandable, and flexible software.",Full-stack,Hard
121,What is lazy loading in web development?,"Lazy loading is a design pattern that delays loading of non-critical resources at page load time, reducing initial load time and page weight.",Front-end,Medium
122,Discuss the role of a load balancer in a distributed system.,A load balancer distributes network or application traffic across multiple servers to enhance responsiveness and availability of applications.,DevOps,Medium
123,How does indexing improve database query performance?,"Indexing speeds up data retrieval operations by effectively creating a smaller, faster version of the database table.",Back-end,Medium
124,Explain event delegation in JavaScript.,Event delegation refers to the practice of using a single event listener to manage all events of a specific type for child elements.,Front-end,Medium
125,Explain the concept of 'closure' in JavaScript.,A closure is a function that remembers its outer variables and can access them.,Front-end,Hard
126,Describe the use of Docker in a DevOps environment.,"Docker allows for packaging applications in containers, facilitating consistent deployment across different environments.",DevOps,Medium
127,What is a 'race condition' in software development?,A race condition occurs when the system's behavior depends on the sequence or timing of other uncontrollable events.,Back-end,Hard
128,How would you optimize a website's load time?,"Optimizations can include minimizing HTTP requests, using CDNs, compressing files, caching, etc.",Front-end,Medium
129,What is the difference between SQL and NoSQL databases?,"SQL databases are structured, use SQL, and are better for complex queries. NoSQL databases are flexible, scale well, and are good for hierarchical data storage.",Back-end,Medium
130,Can you explain the concept of 'state' in React?,State in React is an object that holds some information that may change over the lifecycle of the component.,Front-end,Medium
131,What is continuous integration in DevOps?,Continuous integration is the practice of automating the integration of code changes into a software project.,DevOps,Medium
132,How do you implement a binary search algorithm?,"Binary search involves repeatedly dividing in half the portion of the list that could contain the item, until you've narrowed the possibilities to just one.",Full-stack,Medium
133,Describe the MVC architecture.,"MVC architecture stands for Model-View-Controller, separating the application into three interconnected components.",Full-stack,Medium
134,What are microservices and how do they differ from monolithic architectures?,"Microservices are a software development techniquea variant of the service-oriented architecture architectural style that structures an application as a collection of loosely coupled services. In a monolithic architecture, all components are interconnected and interdependent.",Back-end,Hard
135,Explain the difference between '==' and '===' in JavaScript.,"'==' compares values after type conversion, while '===' compares both value and type.",Front-end,Easy
136,What is Kubernetes and how does it relate to containerization?,"Kubernetes is an open-source platform for automating deployment, scaling, and operations of application containers across clusters of hosts.",DevOps,Hard
137,Describe how you would implement a RESTful API in a back-end application.,"A RESTful API is implemented by setting up HTTP routes (GET, POST, PUT, DELETE) and handling requests and responses in a stateless manner, often using JSON.",Back-end,Medium
138,What are the benefits of server-side rendering vs client-side rendering?,"Server-side rendering improves initial page load time and SEO, while client-side rendering is good for dynamic websites with less initial loading content.",Front-end,Medium
139,How do NoSQL databases handle data scaling compared to traditional SQL databases?,NoSQL databases are generally more scalable and provide superior performance for large-scale applications due to their flexibility in handling unstructured data.,Back-end,Medium
140,Explain the use of hooks in React.,Hooks are functions that let you 'hook into' React state and lifecycle features from function components.,Front-end,Medium
141,What is Infrastructure as Code (IaC) and its significance in DevOps?,"IaC is the management of infrastructure (networks, virtual machines, load balancers, etc.) in a descriptive model, using code, which increases development and deployment speed.",DevOps,Hard
142,Describe the process of memoization in programming.,Memoization is an optimization technique used to speed up programs by storing the results of expensive function calls.,Full-stack,Medium
143,What are the advantages of using a microservices architecture?,"Advantages include easier scalability, flexibility in choosing technology, better fault isolation, and improved continuous deployment.",Back-end,Medium
144,Explain the SOLID principles in software engineering.,"SOLID stands for Single Responsibility, Open-Closed, Liskov Substitution, Interface Segregation, and Dependency Inversion principles, guiding towards more maintainable, understandable, and flexible software.",Full-stack,Hard
145,What is lazy loading in web development?,"Lazy loading is a design pattern that delays loading of non-critical resources at page load time, reducing initial load time and page weight.",Front-end,Medium
146,Discuss the role of a load balancer in a distributed system.,A load balancer distributes network or application traffic across multiple servers to enhance responsiveness and availability of applications.,DevOps,Medium
147,How does indexing improve database query performance?,"Indexing speeds up data retrieval operations by effectively creating a smaller, faster version of the database table.",Back-end,Medium
148,Explain event delegation in JavaScript.,Event delegation refers to the practice of using a single event listener to manage all events of a specific type for child elements.,Front-end,Medium
149,Explain the concept of 'closure' in JavaScript.,A closure is a function that remembers its outer variables and can access them.,Front-end,Medium
150,Describe the use of Docker in a DevOps environment.,"Docker allows for packaging applications in containers, facilitating consistent deployment across different environments.",DevOps,Medium
151,Design a distributed key-value store.,"Focus on data partitioning, replication for fault tolerance, consistency models, and handling node failures.",System Design,Hard
152,Implement a function to check if a binary tree is balanced.,Use a recursive function to check the height of each subtree; return false if the difference is more than one.,Algorithms,Hard
153,Design a URL shortening service like bit.ly.,"Consider efficient hashing, collision resolution, database schema, scalability, and API rate limiting.",System Design,Hard
154,Design a recommendation system for a large e-commerce platform.,"Use collaborative filtering, content-based filtering, or hybrid methods; consider scalability and real-time processing.",Machine Learning,Hard
155,Write an algorithm to find the median of a stream of numbers.,"Use two heaps (max heap for lower half, min heap for upper half) to maintain the median.",Algorithms,Hard
156,Explain the Raft consensus algorithm.,"Discuss leader election, log replication, safety, and how Raft achieves consensus in a distributed system.",Distributed Systems,Hard
157,"Optimize a global, high-traffic content delivery network.","Use strategies like caching, edge locations, load balancing, and optimizing routing and data compression.",Networking,Hard
158,Design a chat application that can scale to millions of users.,"Consider websocket protocol for real-time communication, efficient message broadcasting, and scalable backend architecture.",System Design,Hard
159,Implement a garbage collector for a programming language.,"Understand memory management concepts like mark-and-sweep, reference counting, and generational collection.",Low-level Systems,Hard
160,Design a scalable notification system for a social network.,"Focus on system architecture, push vs. pull models, handling peak loads, database optimization, and message queuing.",System Design,Hard
161,Explain the workings of the TCP protocol for a low-latency network.,"Focus on the three-way handshake, congestion control (like TCP Fast Open, and CUBIC), and optimizing for reduced latency.",Networking,Hard
162,Design and implement a concurrent hash map.,Implement with fine-grained locking or lock-free techniques to ensure thread safety and high concurrency.,Data Structures,Hard
163,Find the Kth largest element in a stream of numbers.,"Utilize a min-heap to keep track of the K largest elements, ensuring efficient insertion and extraction.",Algorithms,Hard
164,Implement Google's PageRank algorithm.,Use graph-based algorithms focusing on eigenvector calculation and iterative approaches.,Algorithms,Hard
165,Design an API rate limiter for a web service.,"Use token bucket or leaky bucket algorithms, consider distributed storage for scalability.",System Design,Hard
166,Optimize database queries for a high-traffic website.,"Focus on indexing, query optimization, using caching, database sharding, and efficient schema design.",Database Systems,Hard
167,Create a secure and scalable authentication system for a web application.,"Implement OAuth for third-party integrations, use JWT for stateless authentication, and ensure protection against common security vulnerabilities.",Security,Hard
168,Design a system for efficient storage and retrieval of large-scale time-series data.,"Optimize for write-heavy loads, use time-based partitioning, efficient indexing, and consider data compression techniques.",Database Systems,Hard
169,Explain how a blockchain works and how to implement one.,"Focus on cryptographic hashing, decentralized consensus algorithms (like Proof of Work), and the maintenance of a distributed ledger.",Distributed Systems,Hard
170,Design an efficient parking lot management system.,"Use object-oriented design principles, focus on efficiently handling different vehicle sizes, and optimizing space usage.",System Design,Hard
171,Develop a machine learning model to predict stock prices.,"Consider time series analysis, regression models, and reinforcement learning; pay attention to features and data preprocessing.",Machine Learning,Hard
172,Write a custom memory allocator for a C++ application.,"Discuss memory pool allocation, handling fragmentation, and optimizing for allocation/deallocation speed.",Low-level Systems,Hard
173,Design a real-time multiplayer online game architecture.,"Focus on handling high network traffic, efficient state synchronization, latency reduction, and scalability.",System Design,Hard
174,Implement a distributed file system.,"Address challenges in data distribution, replication, fault tolerance, consistency, and performance.",Distributed Systems,Hard
175,Optimize a search algorithm for a large dataset in a distributed environment.,Implement distributed searching algorithms like MapReduce for scalability and efficiency.,Algorithms,Hard
176,Design a data pipeline for processing big data in real-time.,"Utilize stream processing frameworks (like Apache Kafka, Spark Streaming), ensure fault tolerance, and manage backpressure.",Data Engineering,Hard
177,Build a high-frequency trading system and discuss its components.,"Focus on low latency, high throughput, reliable data feeds, order execution systems, and concurrent algorithms.",System Design,Hard
178,Develop a deep learning model to analyze and interpret medical images.,"Use convolutional neural networks, pay attention to dataset quality and preprocessing, and handle class imbalances.",Machine Learning,Hard
179,Create an AI that can play a complex board game at a competitive level.,"Implement advanced AI techniques like Monte Carlo Tree Search, deep learning, and reinforcement learning.",Artificial Intelligence,Hard
180,Design a fraud detection system for online transactions.,"Use machine learning for anomaly detection, implement rule-based systems for known fraud patterns, ensure real-time processing.",Security,Hard
181,Implement a distributed graph processing framework.,"Discuss vertex-centric computation, message passing between nodes, and optimizations for large-scale processing.",Distributed Systems,Hard
182,Design a global video streaming service like Netflix.,"Focus on CDN usage, adaptive bitrate streaming, content caching strategies, and handling peak traffic loads.",System Design,Hard
183,Create a system to efficiently match job seekers with job postings.,"Use NLP for parsing resumes, implement ranking algorithms, and optimize for search and matching efficiency.",Algorithms,Hard
184,Design and implement a large-scale distributed cache system.,"Consider consistency, data partitioning, eviction policies, and fault tolerance in distributed caching.",Distributed Systems,Hard
185,Optimize network protocols for a satellite communication system.,"Address latency, data loss, and bandwidth issues; optimize for long-distance and high-latency networks.",Networking,Hard
186,Develop an autonomous vehicle's path planning algorithm.,"Implement algorithms considering real-time obstacle avoidance, dynamic path adjustments, and efficient routing.",Algorithms,Hard
187,Design a scalable and reliable messaging system for a large corporation.,"Utilize message queues (like Kafka, RabbitMQ), ensure fault tolerance, and implement load balancing.",System Design,Hard
188,Implement a natural language processing algorithm to understand and answer user queries.,"Use NLP techniques like tokenization, parsing, and deep learning models for understanding and generating responses.",Machine Learning,Hard
189,Create an efficient algorithm for real-time anomaly detection in network traffic.,Implement statistical models or machine learning algorithms to detect unusual patterns indicative of anomalies.,Algorithms,Hard
190,Design a system to manage and process Internet of Things (IoT) data.,"Focus on handling large-scale data influx, real-time processing, data storage, and analytics.",System Design,Hard
191,Build a compiler for a new programming language.,"Discuss lexical analysis, parsing, syntax tree generation, semantic analysis, and code generation.",Low-level Systems,Hard
192,Implement a robust text editor with features like auto-complete and syntax highlighting.,"Consider efficient data structures for text storage (like gap buffers), and algorithms for syntax parsing.",Algorithms,Hard
193,Design a scalable infrastructure for an online advertising platform.,"Focus on handling high-volume traffic, data analytics, ad targeting algorithms, and ensuring low-latency responses.",System Design,Hard
194,Develop a machine learning algorithm to detect fake news on social media.,"Use NLP for text analysis, implement classification algorithms, and consider the challenge of unstructured data.",Machine Learning,Hard
195,Optimize an SQL database for a high-volume financial transaction system.,"Focus on transaction isolation levels, indexing strategies, query optimization, and database sharding.",Database Systems,Hard
196,Design a cloud-based virtual desktop infrastructure.,"Address virtualization technologies, resource allocation, security, and remote access protocols.",System Design,Hard
197,Create a real-time sports analytics system using sensor data.,"Utilize streaming data processing, machine learning for pattern recognition, and efficient data storage solutions.",Data Engineering,Hard
198,Implement a quantum algorithm for solving a well-known computational problem.,"Discuss quantum computing principles, qubit manipulation, and specific algorithms like Grover's or Shor's algorithm.",Algorithms,Hard
199,Design a secure mobile payment system for developing countries.,"Focus on security protocols, offline capabilities, user authentication, and low-resource optimizations.",Security,Hard
200,Build a scalable image processing pipeline for a photo-sharing app.,"Implement distributed processing, efficient storage, and consider ML techniques for feature extraction.",System Design,Hard
201,What is a variable in programming?,A variable is a named storage location that holds a value which can be read or changed during program execution.,General Programming,Easy
202,What is the difference between a compiler error and a runtime error?,"A compiler error occurs during compilation due to invalid syntax, while a runtime error occurs during execution, such as dividing by zero.",General Programming,Easy
203,What is method overloading?,"Method overloading allows multiple methods in the same class to share a name but differ in parameter type or count, resolved at compile time.",General Programming,Medium
204,What is the difference between pass-by-value and pass-by-reference?,"Pass-by-value copies the argument's value into the function, while pass-by-reference passes the memory address, letting the function modify the original variable.",General Programming,Medium
205,What is garbage collection?,"Garbage collection automatically frees memory occupied by objects no longer referenced by the program, reducing memory leaks.",General Programming,Medium
206,What is the difference between static and dynamic typing?,"Static typing checks variable types at compile time, catching type errors early; dynamic typing checks types at runtime, offering more flexibility but less early error detection.",General Programming,Hard
207,Explain the concept of immutability and why it matters.,"Immutable objects cannot be changed after creation, which simplifies reasoning about state, supports thread safety, and prevents unintended side effects.",General Programming,Hard
208,What is the difference between composition and inheritance?,"Composition builds objects by combining other objects to reuse behavior, while inheritance creates a parent-child class relationship; composition is often favored for flexibility.",General Programming,Medium
209,What is a stack and where is it used?,"A stack is a LIFO data structure used for function call management, undo operations, and expression evaluation.",Data Structures,Easy
210,What is a queue and where is it used?,"A queue is a FIFO data structure used for task scheduling, buffering, and breadth-first traversal.",Data Structures,Easy
211,"What is the difference between an array and a dynamic array (e.g., ArrayList)?","Arrays have a fixed size set at creation, while dynamic arrays automatically resize as elements are added, though resizing has amortized cost.",Data Structures,Medium
212,Explain how a trie works and its use cases.,"A trie is a tree structure that stores strings character by character along paths, enabling fast prefix searches such as autocomplete.",Data Structures,Medium
213,What is a heap and how is it used to implement a priority queue?,"A heap is a tree-based structure satisfying the heap property (min or max), allowing efficient retrieval of the smallest or largest element for priority queues.",Data Structures,Medium
214,What is the difference between a balanced and unbalanced binary search tree?,"A balanced BST keeps height roughly logarithmic through rotations or rules, ensuring O(log n) operations, while an unbalanced tree can degrade to O(n) in the worst case.",Data Structures,Hard
215,Explain the concept of amortized time complexity.,"Amortized complexity averages the cost of an operation over a sequence of operations, showing that occasional expensive operations are offset by many cheap ones, as in dynamic array resizing.",Data Structures,Hard
216,What is a graph and what are common ways to represent it?,"A graph is a set of nodes connected by edges, commonly represented using an adjacency matrix or adjacency list depending on density and use case.",Data Structures,Medium
217,What is a variable scope in JavaScript?,"Scope determines where a variable is accessible, with JavaScript having global, function, and block scope (via let/const).",Languages and Frameworks,Easy
218,"What is the difference between let, const, and var in JavaScript?","var is function-scoped and hoisted, let and const are block-scoped, and const additionally prevents reassignment.",Languages and Frameworks,Medium
219,Explain the concept of generics in Java or C#.,"Generics allow classes and methods to operate on types specified as parameters, enabling type-safe and reusable code without casting.",Languages and Frameworks,Medium
220,What is dependency injection?,"Dependency injection is a design pattern where an object's dependencies are provided externally rather than created internally, improving testability and decoupling.",Languages and Frameworks,Medium
221,Explain the difference between synchronous and asynchronous programming.,"Synchronous code executes sequentially, blocking until each operation finishes, while asynchronous code allows other operations to proceed while waiting, often using callbacks, promises, or async/await.",Languages and Frameworks,Hard
222,What is the Python Global Interpreter Lock (GIL)?,"The GIL is a mutex that allows only one thread to execute Python bytecode at a time, limiting true parallelism in CPU-bound multi-threaded programs.",Languages and Frameworks,Hard
223,What is duck typing?,Duck typing determines an object's suitability by the presence of certain methods and properties rather than its explicit type.,Languages and Frameworks,Medium
224,What is a primary key?,A primary key uniquely identifies each record in a table and cannot contain null values.,Database and SQL,Easy
225,What does the SELECT statement do in SQL?,SELECT retrieves data from one or more tables based on specified columns and conditions.,Database and SQL,Easy
226,What is the difference between UNION and UNION ALL?,"UNION combines result sets and removes duplicates, while UNION ALL combines them without removing duplicates, making it faster.",Database and SQL,Medium
227,Explain the purpose of the GROUP BY clause.,"GROUP BY aggregates rows sharing common values into summary rows, often used with aggregate functions like COUNT or SUM.",Database and SQL,Medium
228,What is a database transaction isolation level?,"Isolation levels (e.g., Read Uncommitted, Read Committed, Repeatable Read, Serializable) define how much a transaction is affected by concurrent transactions, trading consistency for performance.",Database and SQL,Hard
229,What is a deadlock in a database and how can it be resolved?,"A deadlock occurs when two or more transactions block each other by holding locks the other needs; it's resolved by detection and rolling back one transaction, or prevented through lock ordering.",Database and SQL,Hard
230,What is a composite key?,A composite key is a primary key made up of two or more columns that together uniquely identify a row.,Database and SQL,Medium
231,What is HTML used for?,HTML defines the structure and content of a web page using elements and tags.,Web Development,Easy
232,What is the difference between client-side and server-side rendering?,"Client-side rendering builds the page in the browser using JavaScript, while server-side rendering generates the full HTML on the server before sending it to the browser.",Web Development,Easy
233,What is a single-page application (SPA)?,"An SPA loads a single HTML page and dynamically updates content via JavaScript without full page reloads, improving perceived performance.",Web Development,Medium
234,What is WebSocket and how does it differ from HTTP?,"WebSocket provides a persistent, full-duplex connection for real-time communication, unlike HTTP's request-response model which requires a new connection per exchange.",Web Development,Medium
235,Explain the concept of server-side rendering versus static site generation.,"SSR generates HTML per request on the server, while static site generation pre-builds HTML at build time, trading freshness for performance.",Web Development,Hard
236,What is CSRF and how can it be prevented?,"CSRF tricks a user's browser into making unwanted requests to a site where they're authenticated; it's prevented using anti-CSRF tokens, same-site cookies, and origin checks.",Web Development,Hard
237,What is the purpose of a content delivery network (CDN)?,A CDN distributes cached content across geographically dispersed servers to reduce latency and improve load times for users.,Web Development,Medium
238,What is unit testing?,Unit testing verifies that individual components or functions of code work correctly in isolation.,Software Testing,Easy
239,What is the difference between manual and automated testing?,"Manual testing is performed by a person executing test cases by hand, while automated testing uses scripts and tools to execute tests repeatedly.",Software Testing,Easy
240,What is the difference between black-box and white-box testing?,"Black-box testing evaluates functionality without knowledge of internal code, while white-box testing examines internal logic and structure.",Software Testing,Medium
241,What is mocking in unit testing?,"Mocking creates simulated objects that mimic the behavior of real dependencies, isolating the unit under test.",Software Testing,Medium
242,Explain the concept of test-driven development (TDD).,"TDD is a development approach where tests are written before the code, following a red-green-refactor cycle to guide implementation.",Software Testing,Hard
243,What is code coverage and why is it useful?,"Code coverage measures the percentage of code executed by tests, helping identify untested areas, though high coverage doesn't guarantee correctness.",Software Testing,Medium
244,What is version control and why is it used?,"Version control tracks changes to files over time, enabling collaboration, history tracking, and the ability to revert to previous states.",Version Control,Easy
245,What is the difference between git clone and git fork?,"git clone copies a repository locally, while forking creates a personal copy of a repository on the hosting platform under your account.",Version Control,Easy
246,What is the difference between git merge and git rebase?,"Merge combines branches by creating a new commit preserving history, while rebase replays commits onto another branch, creating a linear history.",Version Control,Medium
247,What is a merge conflict and how is it resolved?,A merge conflict occurs when changes from different branches overlap; it's resolved by manually editing the conflicting sections and committing the resolution.,Version Control,Medium
248,What is git cherry-pick used for?,git cherry-pick applies a specific commit from one branch onto another without merging the entire branch.,Version Control,Hard
249,Explain the difference between git reset and git revert.,"git reset moves the branch pointer and can alter history, while git revert creates a new commit that undoes changes, preserving history.",Version Control,Hard
250,What is horizontal scaling versus vertical scaling?,"Horizontal scaling adds more machines to handle load, while vertical scaling increases the resources of an existing machine.",System Design,Easy
251,What is a load balancer and why is it used?,"A load balancer distributes incoming traffic across multiple servers to improve availability, reliability, and performance.",System Design,Medium
252,What is caching and why is it important in system design?,Caching stores frequently accessed data in fast storage to reduce latency and load on the primary data source.,System Design,Medium
253,What is the CAP theorem?,"The CAP theorem states a distributed system can only guarantee two of three properties at once: Consistency, Availability, and Partition tolerance.",System Design,Medium
254,What is database sharding?,"Sharding splits a large database into smaller, independent pieces distributed across multiple servers to improve scalability.",System Design,Hard
255,Explain the concept of eventual consistency.,"Eventual consistency guarantees that, given enough time without new updates, all replicas of data will converge to the same value.",System Design,Hard
256,What is a message queue and why is it used in system design?,"A message queue enables asynchronous communication between services by buffering messages, decoupling producers and consumers, and improving reliability.",System Design,Hard
257,What is the difference between a monolithic and microservices architecture?,"A monolithic architecture bundles all functionality into a single deployable unit, while microservices split functionality into independently deployable services.",System Design,Medium
258,What is a firewall?,A firewall monitors and controls incoming and outgoing network traffic based on predefined security rules.,Security,Easy
259,What is the difference between authentication and authorization?,"Authentication verifies a user's identity, while authorization determines what actions or resources that user is permitted to access.",Security,Easy
260,What is SQL injection and how can it be prevented?,SQL injection exploits unsanitized input to execute malicious SQL commands; it's prevented using parameterized queries and input validation.,Security,Medium
261,What is cross-site scripting (XSS)?,"XSS is an attack where malicious scripts are injected into web pages viewed by other users, prevented through input sanitization and output encoding.",Security,Medium
262,What is the difference between symmetric and asymmetric encryption?,"Symmetric encryption uses one shared key for encryption and decryption, while asymmetric encryption uses a public-private key pair.",Security,Hard
263,What is a man-in-the-middle attack?,"A man-in-the-middle attack intercepts communication between two parties without their knowledge, potentially altering or stealing data, mitigated by encryption like TLS.",Security,Hard
264,What is the principle of least privilege?,"The principle of least privilege states that users and systems should only have the minimum access necessary to perform their functions, reducing attack surface.",Security,Hard
265,What is continuous integration (CI)?,CI is the practice of automatically building and testing code changes frequently to detect issues early.,DevOps,Easy
266,What is a container and how does it differ from a virtual machine?,"A container packages an application with its dependencies and shares the host OS kernel, while a VM includes a full guest OS, making containers lighter and faster to start.",DevOps,Easy
267,What is continuous deployment (CD) and how does it differ from continuous delivery?,"Continuous deployment automatically releases every passing change to production, while continuous delivery keeps changes deployable but requires manual approval for release.",DevOps,Medium
268,What is the purpose of a container orchestration tool like Kubernetes?,"Kubernetes automates deployment, scaling, and management of containerized applications across clusters of machines.",DevOps,Hard
269,What is a blue-green deployment strategy?,"Blue-green deployment runs two identical environments, routing traffic to the new version only after it's verified, allowing quick rollback if issues occur.",DevOps,Hard
270,What is the purpose of monitoring and logging in production systems?,"Monitoring and logging provide visibility into system health and behavior, enabling faster detection and diagnosis of issues.",DevOps,Medium
271,What is a canary release?,"A canary release rolls out a new version to a small subset of users first, monitoring for issues before a full rollout.",DevOps,Hard
272,"What is the difference between HTML, CSS, and JavaScript?","HTML structures content, CSS styles presentation, and JavaScript adds interactivity and behavior to a web page.",Front-end,Easy
273,What is the CSS box model?,"The box model describes an element's layout as content, padding, border, and margin, determining its total rendered size.",Front-end,Easy
274,What is the virtual DOM and why do frameworks like React use it?,"The virtual DOM is an in-memory representation of the real DOM that allows efficient diffing and minimal updates, improving rendering performance.",Front-end,Medium
275,What is the difference between flexbox and grid in CSS?,"Flexbox arranges items along a single axis for one-dimensional layouts, while grid handles two-dimensional layouts with rows and columns.",Front-end,Medium
276,What is component lifecycle in React?,"The lifecycle refers to the phases a component goes through, mounting, updating, and unmounting, each offering hooks or methods to run code at specific points.",Front-end,Hard
277,What is code splitting and why is it useful?,"Code splitting breaks a bundle into smaller chunks loaded on demand, reducing initial load time and improving performance.",Front-end,Hard
278,What are React hooks?,Hooks are functions like useState and useEffect that let functional components manage state and side effects without writing class components.,Front-end,Medium
279,What is an API?,An API is a set of rules and protocols that allows different software applications to communicate with each other.,Back-end,Easy
280,What is middleware in a back-end framework?,"Middleware is code that runs between receiving a request and sending a response, often used for logging, authentication, or parsing.",Back-end,Easy
281,What is the difference between synchronous and asynchronous request handling in servers?,"Synchronous handling processes one request at a time per thread, while asynchronous handling allows a server to manage many requests concurrently without blocking.",Back-end,Medium
282,What is rate limiting and why is it used?,"Rate limiting restricts the number of requests a client can make in a given time period, protecting APIs from abuse and overload.",Back-end,Medium
283,What is the difference between horizontal and vertical partitioning of a database?,"Horizontal partitioning splits rows across tables or servers, while vertical partitioning splits columns into separate tables.",Back-end,Hard
284,What is idempotency in the context of API design?,"An idempotent operation produces the same result no matter how many times it's performed, important for safe retries in APIs like PUT or DELETE.",Back-end,Hard
285,What is connection pooling?,"Connection pooling reuses a set of established database connections rather than opening a new one for every request, improving performance.",Back-end,Medium
286,"What does ""full-stack"" mean in software development?",A full-stack developer works across both front-end (client-side) and back-end (server-side) portions of an application.,Full-stack,Easy
287,What is the typical data flow in a full-stack web application?,"A client sends a request to the server, which processes it, interacts with a database if needed, and returns a response rendered by the client.",Full-stack,Medium
288,What is an environment variable and why is it used in full-stack apps?,"Environment variables store configuration values like API keys or database URLs outside the codebase, keeping sensitive data secure and configurable per environment.",Full-stack,Medium
289,How would you structure authentication across a full-stack application?,"Typically the back-end issues a token (e.g., JWT) after verifying credentials, the client stores it securely, and subsequent requests include it for server-side verification.",Full-stack,Hard
290,What is API versioning and why is it important in full-stack development?,"API versioning allows changes to an API without breaking existing clients, commonly implemented via URL paths or headers.",Full-stack,Hard
291,What is the role of a reverse proxy in a full-stack deployment?,"A reverse proxy sits in front of servers, routing requests, handling SSL termination, load balancing, and caching.",Full-stack,Medium
292,What is the difference between linear search and binary search?,"Linear search checks each element sequentially with O(n) time, while binary search repeatedly halves a sorted array's search space for O(log n) time.",Algorithms,Easy
293,What is a greedy algorithm?,"A greedy algorithm makes the locally optimal choice at each step, hoping to find a global optimum, though it doesn't always succeed.",Algorithms,Easy
294,What is the difference between depth-first search and breadth-first search?,"DFS explores as far as possible along a branch before backtracking, while BFS explores all neighbors at the current depth before going deeper.",Algorithms,Medium
295,Explain the divide-and-conquer strategy.,"Divide-and-conquer breaks a problem into smaller subproblems, solves them recursively, and combines their results, as in merge sort.",Algorithms,Medium
296,What is the time complexity of quicksort in the average and worst case?,"Quicksort averages O(n log n), but degrades to O(n^2) in the worst case when the pivot repeatedly splits the array unevenly.",Algorithms,Hard
297,Explain the concept of backtracking with an example.,"Backtracking incrementally builds candidates for a solution and abandons a candidate as soon as it determines it can't lead to a valid solution, as in solving Sudoku.",Algorithms,Hard
298,What is memoization and how does it relate to dynamic programming?,"Memoization caches results of expensive function calls to avoid redundant computation, a common technique used to implement dynamic programming solutions.",Algorithms,Medium
299,What is the difference between NP and NP-complete problems?,"NP problems have solutions verifiable in polynomial time, while NP-complete problems are the hardest problems in NP, to which all other NP problems can be reduced.",Algorithms,Hard
300,What is machine learning?,Machine learning is a field of AI where systems learn patterns from data to make predictions or decisions without being explicitly programmed.,Machine Learning,Easy
301,What is the difference between supervised and unsupervised learning?,"Supervised learning trains on labeled data to predict outcomes, while unsupervised learning finds patterns or structure in unlabeled data.",Machine Learning,Easy
302,What is overfitting in machine learning?,"Overfitting occurs when a model learns noise and details specific to training data, performing poorly on new, unseen data.",Machine Learning,Medium
303,What is the difference between classification and regression?,"Classification predicts discrete categories, while regression predicts continuous numerical values.",Machine Learning,Medium
304,What is a confusion matrix used for?,A confusion matrix summarizes a classification model's performance by comparing predicted and actual labels across true and false positives and negatives.,Machine Learning,Medium
305,What is the bias-variance tradeoff?,The bias-variance tradeoff describes the balance between a model's error from overly simplistic assumptions (bias) and its sensitivity to training data fluctuations (variance).,Machine Learning,Hard
306,What is gradient descent?,Gradient descent is an optimization algorithm that iteratively adjusts model parameters in the direction that minimizes a loss function.,Machine Learning,Hard
307,What is regularization and why is it used?,"Regularization adds a penalty term to a model's loss function to discourage overly complex models, reducing overfitting.",Machine Learning,Hard
308,What is cross-validation?,"Cross-validation splits data into multiple folds to train and test a model repeatedly, providing a more reliable estimate of its performance.",Machine Learning,Medium
309,What is the difference between bagging and boosting?,"Bagging trains multiple models in parallel on random data subsets and averages results to reduce variance, while boosting trains models sequentially, each correcting the errors of the previous one.",Machine Learning,Hard
310,What is a distributed system?,"A distributed system is a collection of independent computers that appear to users as a single coherent system, working together over a network.",Distributed Systems,Easy
311,What is the difference between strong consistency and eventual consistency?,"Strong consistency guarantees all reads reflect the latest write immediately, while eventual consistency allows temporary staleness until replicas converge.",Distributed Systems,Medium
312,"What is a distributed consensus algorithm, and why is it needed?","Consensus algorithms like Paxos or Raft allow distributed nodes to agree on a single value or state despite failures, crucial for coordination.",Distributed Systems,Medium
313,What is the difference between a leader-follower and a peer-to-peer distributed architecture?,"Leader-follower designates one node to coordinate writes and propagate changes, while peer-to-peer treats all nodes as equals without central coordination.",Distributed Systems,Hard
314,What is a split-brain scenario in distributed systems?,"Split-brain occurs when a network partition causes separate parts of a cluster to independently believe they are the sole active leader, risking data conflicts.",Distributed Systems,Hard
315,What is the purpose of a heartbeat mechanism in distributed systems?,"Heartbeats are periodic signals nodes send to confirm they're alive, used to detect failures and trigger failover.",Distributed Systems,Medium
316,What is the difference between two-phase commit and three-phase commit protocols?,"Two-phase commit coordinates a distributed transaction in prepare and commit phases but can block on failures, while three-phase commit adds a pre-commit phase to reduce blocking risk.",Distributed Systems,Hard
317,What is replication in distributed systems and why is it used?,"Replication copies data across multiple nodes to improve availability, fault tolerance, and read performance.",Distributed Systems,Medium
318,What is an IP address?,"An IP address is a unique numerical identifier assigned to each device on a network, used for routing data.",Networking,Easy
319,What is the difference between TCP and UDP?,"TCP is connection-oriented and guarantees reliable, ordered delivery, while UDP is connectionless and faster but doesn't guarantee delivery or order.",Networking,Easy
320,What is DNS and how does it work?,DNS translates human-readable domain names into IP addresses through a hierarchical system of servers.,Networking,Medium
321,What is the OSI model?,"The OSI model is a conceptual framework dividing network communication into seven layers, from physical transmission to application-level protocols.",Networking,Medium
322,What is the three-way handshake in TCP?,"The three-way handshake establishes a TCP connection through SYN, SYN-ACK, and ACK messages exchanged between client and server.",Networking,Hard
323,What is a subnet and why is subnetting used?,"A subnet is a logical subdivision of a network, used to improve organization, security, and efficient use of IP address space.",Networking,Hard
324,What is NAT (Network Address Translation)?,"NAT maps private IP addresses to a public IP address, allowing multiple devices to share a single external address.",Networking,Medium
325,What is the difference between a forward proxy and a reverse proxy?,"A forward proxy sits in front of clients, forwarding their requests to the internet, while a reverse proxy sits in front of servers, handling incoming client requests.",Networking,Hard
326,What is the difference between a process and a thread?,"A process is an independent execution unit with its own memory space, while a thread is a lightweight unit of execution within a process, sharing its memory.",Low-level Systems,Easy
327,What is a race condition?,"A race condition occurs when multiple threads access shared data concurrently and the outcome depends on the timing of their execution, potentially causing bugs.",Low-level Systems,Medium
328,What is a mutex and why is it used?,"A mutex is a locking mechanism that ensures only one thread can access a critical section of code at a time, preventing race conditions.",Low-level Systems,Medium
329,What is the difference between paging and segmentation in memory management?,"Paging divides memory into fixed-size blocks, while segmentation divides it into variable-sized logical units based on program structure.",Low-level Systems,Hard
330,What is a deadlock and what conditions cause it?,"A deadlock occurs when processes wait indefinitely for resources held by each other, caused by mutual exclusion, hold and wait, no preemption, and circular wait.",Low-level Systems,Hard
331,What is the difference between a system call and a library call?,"A system call requests a service from the operating system kernel, while a library call executes code within the application's own address space.",Low-level Systems,Medium
332,What is virtual memory?,"Virtual memory abstracts physical memory, giving each process the illusion of a large, contiguous address space while the OS manages mapping to physical RAM and disk.",Low-level Systems,Hard
333,What is context switching?,"Context switching is the process of storing the state of a running process or thread and loading another, enabling multitasking on a CPU.",Low-level Systems,Medium
334,What is a relational database?,"A relational database organizes data into tables with rows and columns, linked by relationships defined through keys.",Database Systems,Easy
335,What is database replication?,Database replication copies data from one database server to others to improve availability and read scalability.,Database Systems,Medium
336,What is the difference between OLTP and OLAP systems?,"OLTP systems handle real-time transactional operations, while OLAP systems are optimized for complex analytical queries over large datasets.",Database Systems,Medium
337,What is a write-ahead log (WAL) used for?,"A write-ahead log records changes before they're applied to the database, ensuring durability and enabling recovery after a crash.",Database Systems,Hard
338,What is the difference between optimistic and pessimistic locking?,"Optimistic locking allows concurrent access and checks for conflicts before committing, while pessimistic locking locks data upfront to prevent conflicts.",Database Systems,Hard
339,What is a materialized view?,"A materialized view stores the precomputed result of a query physically, improving read performance at the cost of needing periodic refreshes.",Database Systems,Medium
340,"What is database partitioning, and how does it differ from sharding?","Partitioning divides a table into segments within the same database instance, while sharding distributes data across separate database instances or servers.",Database Systems,Hard
341,What is connection pooling in the context of databases?,"Connection pooling maintains a reusable pool of database connections, reducing the overhead of repeatedly opening and closing connections.",Database Systems,Medium
342,What is ETL?,"ETL stands for Extract, Transform, Load, describing the process of extracting data from sources, transforming it, and loading it into a target system.",Data Engineering,Easy
343,What is the difference between a data warehouse and a data lake?,"A data warehouse stores structured, processed data optimized for analysis, while a data lake stores raw data in its native format at scale.",Data Engineering,Medium
344,What is data partitioning in the context of big data processing?,"Data partitioning splits large datasets into smaller chunks distributed across nodes, enabling parallel processing and improved performance.",Data Engineering,Medium
345,What is the difference between batch processing and stream processing?,"Batch processing handles large volumes of data at scheduled intervals, while stream processing handles data continuously in near real-time as it arrives.",Data Engineering,Hard
346,What is a data pipeline and what are its key components?,"A data pipeline automates the movement and transformation of data from source to destination, typically including ingestion, processing, storage, and orchestration stages.",Data Engineering,Hard
347,What is schema-on-read versus schema-on-write?,"Schema-on-write enforces structure when data is stored, while schema-on-read applies structure only when data is queried, offering more flexibility.",Data Engineering,Medium
348,"What is data skew in distributed data processing, and why is it a problem?","Data skew occurs when data is unevenly distributed across partitions, causing some nodes to do disproportionately more work and slowing overall processing.",Data Engineering,Hard
349,What is the purpose of a workflow orchestration tool like Airflow?,"Orchestration tools schedule, monitor, and manage dependencies between tasks in a data pipeline, ensuring they run in the correct order and handling failures.",Data Engineering,Medium
350,"What is the difference between AI, machine learning, and deep learning?","AI is the broad field of creating intelligent systems, machine learning is a subset that learns from data, and deep learning is a subset of ML using multi-layered neural networks.",Artificial Intelligence,Easy
351,What is a neural network?,"A neural network is a computational model inspired by the brain, consisting of layers of interconnected nodes that learn patterns from data.",Artificial Intelligence,Medium
352,What is natural language processing (NLP)?,"NLP is a field of AI focused on enabling computers to understand, interpret, and generate human language.",Artificial Intelligence,Medium
353,What is the difference between a rule-based system and a machine learning system?,"Rule-based systems follow explicitly programmed logic, while machine learning systems learn patterns and rules automatically from data.",Artificial Intelligence,Hard
354,"What is an activation function in a neural network, and why is it needed?","An activation function introduces non-linearity into a neural network, allowing it to learn complex patterns beyond simple linear relationships.",Artificial Intelligence,Hard
355,What is reinforcement learning?,Reinforcement learning trains an agent to make decisions by rewarding desired behaviors and penalizing undesired ones through trial-and-error interaction with an environment.,Artificial Intelligence,Medium
356,What is the vanishing gradient problem?,"The vanishing gradient problem occurs when gradients become very small during backpropagation in deep networks, slowing or halting learning in earlier layers.",Artificial Intelligence,Hard
357,What is transfer learning?,"Transfer learning reuses a model trained on one task as the starting point for a related task, reducing training time and data requirements.",Artificial Intelligence,Medium
358,What is a function in programming?,A function is a reusable block of code that performs a specific task and can accept inputs and return outputs.,General Programming,Easy
359,What is the difference between a class and an object?,"A class is a blueprint defining properties and behaviors, while an object is an instance created from that class.",General Programming,Easy
360,What is an infinite loop?,"An infinite loop is a loop that never terminates because its exit condition is never met, often causing a program to hang.",General Programming,Easy
361,What is the difference between an interface and an abstract class in most OOP languages?,"An interface declares method signatures without implementation and supports multiple inheritance, while an abstract class can include both implemented and abstract methods but supports single inheritance in many languages.",General Programming,Medium
362,What is exception handling and why is it important?,"Exception handling manages runtime errors gracefully using constructs like try/catch, preventing program crashes and allowing recovery.",General Programming,Medium
363,What is an array?,"An array is a collection of elements stored in contiguous memory, accessed by index.",Data Structures,Easy
364,What is a linked list node made of?,A linked list node contains a data field and a pointer or reference to the next node in the sequence.,Data Structures,Easy
365,What is a doubly linked list?,"A doubly linked list has nodes with pointers to both the next and previous nodes, allowing traversal in both directions.",Data Structures,Medium
366,What is the difference between a min-heap and a max-heap?,"A min-heap keeps the smallest element at the root, while a max-heap keeps the largest element at the root.",Data Structures,Medium
367,"What is a self-balancing tree, and name an example?",A self-balancing tree automatically maintains a balanced height after insertions and deletions; examples include AVL trees and Red-Black trees.,Data Structures,Hard
368,What is a compiler?,A compiler translates source code written in a high-level language into machine code or bytecode before execution.,Languages and Frameworks,Easy
369,What is an interpreter?,"An interpreter executes source code directly, line by line, without producing a separate compiled executable.",Languages and Frameworks,Easy
370,What is the difference between an interface and a protocol in Swift or similar languages?,"They serve the same purpose, defining a contract of methods and properties a conforming type must implement, though naming differs by language.",Languages and Frameworks,Medium
371,What is a lambda expression?,"A lambda expression is an anonymous, inline function often used for short, throwaway operations like callbacks or functional-style processing.",Languages and Frameworks,Medium
372,What is the difference between deep copy and shallow copy?,"A shallow copy duplicates only the top-level structure, sharing references to nested objects, while a deep copy recursively duplicates all nested objects as well.",Languages and Frameworks,Hard
373,What is a table in a relational database?,"A table organizes data into rows and columns, with each row representing a record and each column representing an attribute.",Database and SQL,Easy
374,What does the WHERE clause do in SQL?,The WHERE clause filters rows returned by a query based on specified conditions.,Database and SQL,Easy
375,What is a view in SQL?,"A view is a virtual table defined by a stored query, providing a simplified or restricted way to access underlying data.",Database and SQL,Medium
376,What is the difference between DELETE and TRUNCATE in SQL?,"DELETE removes rows individually and can be rolled back, while TRUNCATE removes all rows at once and is generally faster but not always reversible.",Database and SQL,Medium
377,What is a self-join and when would you use one?,"A self-join joins a table to itself, useful for comparing rows within the same table, such as finding employees who share a manager.",Database and SQL,Hard
378,What is a URL?,"A URL is the address used to locate a resource on the internet, specifying protocol, domain, and path.",Web Development,Easy
379,What is the purpose of CSS?,"CSS controls the visual presentation of HTML elements, including layout, colors, and fonts.",Web Development,Easy
380,What is local storage versus session storage in the browser?,"Local storage persists data with no expiration until cleared, while session storage persists only for the duration of the page session.",Web Development,Medium
381,What is AJAX?,AJAX allows a web page to send and receive data from a server asynchronously without reloading the entire page.,Web Development,Medium
382,What is the same-origin policy?,"The same-origin policy restricts how documents or scripts from one origin can interact with resources from another origin, protecting against malicious cross-site interactions.",Web Development,Hard
383,What is a test case?,A test case is a set of conditions and inputs used to verify that a specific feature or function behaves as expected.,Software Testing,Easy
384,What is integration testing?,Integration testing verifies that different modules or services work correctly together after being combined.,Software Testing,Easy
385,What is the difference between smoke testing and sanity testing?,"Smoke testing checks that the most critical functions work after a build, while sanity testing verifies specific functionality after minor changes or bug fixes.",Software Testing,Medium
386,What is a test plan?,"A test plan is a document outlining the scope, approach, resources, and schedule for testing activities.",Software Testing,Medium
387,What is behavior-driven development (BDD)?,"BDD extends TDD by writing test scenarios in natural language that describe expected behavior, improving collaboration between technical and non-technical stakeholders.",Software Testing,Hard
388,What is a git commit?,"A git commit is a saved snapshot of changes to the repository at a specific point in time, along with a descriptive message.",Version Control,Easy
389,What is a branch in git?,A branch is an independent line of development that allows changes to be made without affecting the main codebase.,Version Control,Easy
390,What is the purpose of a .gitignore file?,"A .gitignore file specifies files and directories that git should not track, such as build artifacts or secrets.",Version Control,Medium
391,What is a pull request?,"A pull request proposes changes from one branch to be reviewed and merged into another, often triggering code review and CI checks.",Version Control,Medium
392,What is git bisect used for?,git bisect performs a binary search through commit history to identify the specific commit that introduced a bug.,Version Control,Hard
393,What is an API gateway?,"An API gateway is a single entry point that routes client requests to appropriate backend services, often handling authentication and rate limiting.",System Design,Easy
394,What is the difference between vertical and horizontal partitioning in system design?,"Vertical partitioning separates data by feature or column into different stores, while horizontal partitioning splits rows of the same data across multiple stores.",System Design,Medium
395,What is a rate limiter and how might it be implemented?,"A rate limiter controls the number of requests a client can make in a time window, often implemented using algorithms like token bucket or sliding window.",System Design,Hard
396,What is the difference between synchronous and asynchronous communication between microservices?,"Synchronous communication, such as REST calls, waits for an immediate response, while asynchronous communication, such as message queues, decouples services and allows processing without blocking.",System Design,Hard
397,What is a password hash?,A password hash is a one-way transformation of a password used for storage and verification without keeping the plaintext password.,Security,Easy
398,What is phishing?,Phishing is a social engineering attack that tricks users into revealing sensitive information by impersonating a trustworthy source.,Security,Easy
399,What is HTTPS and why is it important?,"HTTPS encrypts data between client and server using TLS, protecting against eavesdropping and tampering.",Security,Medium
400,"What is a security token (e.g., JWT) used for?","A security token like a JWT encodes claims about a user's identity and permissions, allowing stateless authentication across requests.",Security,Medium
401,What is a zero-day vulnerability?,"A zero-day vulnerability is a security flaw unknown to the vendor and unpatched, making it especially dangerous until discovered and fixed.",Security,Hard
402,What is a build pipeline?,"A build pipeline automates the steps of compiling, testing, and packaging code for deployment.",DevOps,Easy
403,What is the purpose of a Dockerfile?,"A Dockerfile is a script containing instructions to build a Docker image, defining the environment and dependencies for an application.",DevOps,Medium
404,What is the difference between a rolling deployment and a blue-green deployment?,"A rolling deployment gradually replaces instances of the old version with the new one, while blue-green deployment switches traffic entirely from one environment to another.",DevOps,Hard
405,What is observability in the context of DevOps?,"Observability refers to the ability to understand a system's internal state through logs, metrics, and traces, enabling faster diagnosis of issues.",DevOps,Hard
406,What is a DOM event?,"A DOM event is an action, such as a click or key press, that a script can detect and respond to.",Front-end,Easy
407,What is state management in front-end frameworks?,"State management handles how data changes are tracked and propagated throughout an application, often using tools like Redux or Context API.",Front-end,Medium
408,What is server-side hydration in the context of front-end frameworks?,"Hydration attaches JavaScript event handlers to server-rendered HTML on the client, making a static page interactive without re-rendering from scratch.",Front-end,Hard
409,What is the difference between controlled and uncontrolled components in React?,"Controlled components have their form state managed by React via state and props, while uncontrolled components manage their own state internally via the DOM.",Front-end,Hard
410,What is a server?,A server is a program or machine that provides resources or services to clients over a network.,Back-end,Easy
411,What is JSON and why is it commonly used in APIs?,"JSON is a lightweight, human-readable data format used to structure and exchange data between client and server.",Back-end,Easy
412,What is the difference between REST and GraphQL?,"REST exposes fixed endpoints returning predefined data structures, while GraphQL allows clients to request exactly the data they need through a single flexible endpoint.",Back-end,Medium
413,What is a webhook?,A webhook is a callback mechanism where a server sends real-time data to another application via an HTTP request when an event occurs.,Back-end,Medium
414,What is the N+1 query problem?,"The N+1 query problem occurs when an application executes one query to fetch a list and then an additional query for each item, causing excessive database calls.",Back-end,Hard
415,What is a front-end framework?,"A front-end framework provides pre-built tools and structure for building user interfaces, such as React, Angular, or Vue.",Full-stack,Easy
416,What is a back-end framework?,"A back-end framework provides tools and structure for building server-side logic, such as Express, Django, or Spring.",Full-stack,Easy
417,What is CORS and why does it matter for full-stack apps?,"CORS controls whether a browser allows requests from a different origin than the one serving the page, important when front-end and back-end are hosted separately.",Full-stack,Medium
418,How would you handle file uploads in a full-stack application?,"Typically the client sends the file via a multipart form request, the server validates and stores it locally or in cloud storage, and returns a reference URL to the client.",Full-stack,Hard
419,What is server-side session management versus token-based authentication?,"Session management stores user state on the server and references it via a session ID, while token-based authentication embeds state in a signed token held by the client.",Full-stack,Hard
420,What is a bubble sort?,"Bubble sort repeatedly swaps adjacent elements that are out of order, gradually moving larger elements toward the end of the list.",Algorithms,Easy
421,What is the two-pointer technique?,The two-pointer technique uses two indices moving through a data structure to solve problems like finding pairs or reversing arrays efficiently.,Algorithms,Easy
422,What is the sliding window technique?,"The sliding window technique maintains a subset of data over a range that slides across the input, used to solve subarray or substring problems efficiently.",Algorithms,Medium
423,What is topological sorting used for?,"Topological sorting orders the nodes of a directed acyclic graph so that every edge points from an earlier to a later node, used in task scheduling.",Algorithms,Hard
424,What is the difference between Dijkstra's algorithm and Bellman-Ford algorithm?,"Dijkstra's algorithm finds shortest paths efficiently but doesn't handle negative weights, while Bellman-Ford handles negative weights and detects negative cycles at the cost of higher time complexity.",Algorithms,Hard
425,What is a feature in machine learning?,A feature is an individual measurable input variable used by a model to make predictions.,Machine Learning,Easy
426,What is a training set versus a test set?,"A training set is used to fit a model's parameters, while a test set evaluates the model's performance on unseen data.",Machine Learning,Easy
427,What is feature scaling and why is it important?,"Feature scaling normalizes the range of input features, preventing variables with larger scales from dominating model training.",Machine Learning,Medium
428,What is a decision tree?,"A decision tree is a model that splits data into branches based on feature values, making decisions through a series of if-else conditions.",Machine Learning,Medium
429,What is the difference between precision and recall?,"Precision measures the proportion of true positives among predicted positives, while recall measures the proportion of true positives among actual positives.",Machine Learning,Hard
430,What is an ensemble method in machine learning?,Ensemble methods combine predictions from multiple models to improve overall accuracy and robustness compared to any single model.,Machine Learning,Hard
431,What is fault tolerance in distributed systems?,Fault tolerance is a system's ability to continue operating correctly even when some of its components fail.,Distributed Systems,Easy
432,What is horizontal partitioning of data across nodes called?,"It's called sharding, where data is split across multiple nodes to distribute load and storage.",Distributed Systems,Easy
433,What is a distributed cache and why is it used?,A distributed cache stores frequently accessed data across multiple nodes to reduce latency and load on primary data stores at scale.,Distributed Systems,Medium
434,What is the purpose of a gossip protocol?,"A gossip protocol spreads information across nodes in a distributed system through periodic, randomized peer-to-peer exchanges, improving fault tolerance and scalability.",Distributed Systems,Medium
435,What is a vector clock and what problem does it solve?,"A vector clock tracks causal relationships between events across distributed nodes, helping determine the order of events without relying on synchronized physical clocks.",Distributed Systems,Hard
436,What is the difference between synchronous replication and asynchronous replication?,"Synchronous replication confirms writes on all replicas before acknowledging success, ensuring consistency at the cost of latency, while asynchronous replication acknowledges writes before all replicas are updated, improving speed but risking data loss.",Distributed Systems,Hard
437,What is a port number?,"A port number identifies a specific process or service on a device, allowing multiple network connections to be distinguished.",Networking,Easy
438,What is a router?,A router is a networking device that forwards data packets between different networks based on IP addresses.,Networking,Easy
439,What is the difference between HTTP/1.1 and HTTP/2?,"HTTP/2 introduces multiplexing, header compression, and binary framing, allowing multiple requests over a single connection more efficiently than HTTP/1.1.",Networking,Medium
440,What is a load balancer's health check?,"A health check periodically verifies that backend servers are responsive, allowing the load balancer to route traffic only to healthy instances.",Networking,Medium
441,What is latency versus bandwidth?,"Latency is the time delay for data to travel between two points, while bandwidth is the maximum rate of data transfer over a connection.",Networking,Hard
442,What is a CDN edge server?,"An edge server is a CDN node located close to end users geographically, caching content to reduce latency for requests.",Networking,Hard
443,What is the ICMP protocol used for?,"ICMP is used for network diagnostics and error reporting, such as in the ping and traceroute utilities.",Networking,Medium
444,What is an operating system?,"An operating system manages hardware resources and provides services for computer programs, acting as an intermediary between applications and hardware.",Low-level Systems,Easy
445,What is a kernel?,A kernel is the core component of an operating system that manages system resources and communication between hardware and software.,Low-level Systems,Easy
446,What is thread starvation?,"Thread starvation occurs when a thread is perpetually denied access to resources it needs, often due to scheduling priorities favoring other threads.",Low-level Systems,Medium
447,What is the difference between a binary semaphore and a mutex?,"A binary semaphore can be signaled by any thread and used for signaling between threads, while a mutex is owned and released only by the thread that locked it, used for mutual exclusion.",Low-level Systems,Medium
448,What is memory fragmentation?,"Memory fragmentation occurs when free memory is split into small, non-contiguous blocks, making it difficult to allocate large contiguous chunks even when total free memory is sufficient.",Low-level Systems,Hard
449,What is a thread pool and why is it used?,"A thread pool maintains a set of reusable worker threads to execute tasks, avoiding the overhead of creating and destroying threads repeatedly.",Low-level Systems,Hard
450,What is the difference between preemptive and cooperative multitasking?,"Preemptive multitasking lets the OS interrupt a running process to switch to another, while cooperative multitasking relies on processes voluntarily yielding control.",Low-level Systems,Medium
451,What is a database schema?,"A database schema defines the structure of a database, including tables, columns, and relationships.",Database Systems,Easy
452,What is a database backup?,"A database backup is a copy of data taken at a point in time, used to restore data in case of loss or corruption.",Database Systems,Easy
453,What is a clustered index?,"A clustered index determines the physical order of data in a table, with only one allowed per table since data can be sorted only one way.",Database Systems,Medium
454,What is database sharding key selection and why does it matter?,The shard key determines how data is distributed across shards; a poorly chosen key can cause uneven load or hot spots.,Database Systems,Medium
455,What is multi-version concurrency control (MVCC)?,"MVCC allows multiple transactions to access data concurrently by maintaining multiple versions of records, avoiding read locks and improving performance.",Database Systems,Hard
456,What is the difference between a covering index and a regular index?,"A covering index includes all the columns needed to satisfy a query without accessing the table itself, improving performance over a regular index that may require an additional lookup.",Database Systems,Hard
457,What is database connection timeout and why is it configured?,"A connection timeout defines how long a client waits for a database connection before failing, preventing indefinite blocking on unresponsive databases.",Database Systems,Medium
458,What is a data source in a data pipeline?,"A data source is the origin from which raw data is collected, such as a database, API, file, or event stream.",Data Engineering,Easy
459,What is data ingestion?,Data ingestion is the process of collecting and importing data from various sources into a storage or processing system.,Data Engineering,Easy
460,"What is the difference between structured, semi-structured, and unstructured data?","Structured data fits a fixed schema like tables, semi-structured data has some organizational markers like JSON or XML, and unstructured data has no predefined format, like text or images.",Data Engineering,Medium
461,What is data deduplication?,Data deduplication identifies and removes duplicate records or entries to ensure data accuracy and reduce storage costs.,Data Engineering,Medium
462,What is a star schema in data warehousing?,"A star schema organizes data into a central fact table connected to surrounding dimension tables, optimizing it for analytical queries.",Data Engineering,Hard
463,What is data lineage and why is it important?,"Data lineage tracks the origin, movement, and transformation of data through a pipeline, aiding in debugging, compliance, and trust in data quality.",Data Engineering,Hard
464,What is idempotency in the context of data pipelines?,"An idempotent pipeline produces the same result even if a step is run multiple times, which is important for safe retries after failures.",Data Engineering,Medium
465,What is the difference between a fact table and a dimension table?,"A fact table stores quantitative, measurable data such as sales amounts, while a dimension table stores descriptive attributes like product or customer details used to filter and group facts.",Data Engineering,Hard
466,What is a training dataset in AI?,A training dataset is the collection of labeled or unlabeled examples used to teach a model to recognize patterns.,Artificial Intelligence,Easy
467,What is a chatbot?,"A chatbot is an AI-powered application designed to simulate conversation with users, often using NLP techniques.",Artificial Intelligence,Easy
468,What is computer vision?,Computer vision is a field of AI that enables machines to interpret and understand visual information from images or video.,Artificial Intelligence,Medium
469,What is a convolutional neural network (CNN) used for?,"CNNs are specialized neural networks designed to process grid-like data such as images, using convolutional layers to detect spatial patterns.",Artificial Intelligence,Medium
470,What is a recurrent neural network (RNN) and what is it used for?,"An RNN processes sequential data by maintaining a hidden state that carries information across time steps, useful for tasks like language modeling and time-series prediction.",Artificial Intelligence,Hard
471,What is the transformer architecture in AI?,"The transformer architecture uses self-attention mechanisms to process input sequences in parallel, capturing long-range dependencies more effectively than RNNs, and underlies most modern large language models.",Artificial Intelligence,Hard
472,What is overfitting versus underfitting in the context of AI models?,"Overfitting occurs when a model learns training data too closely and fails to generalize, while underfitting occurs when a model is too simple to capture underlying patterns.",Artificial Intelligence,Medium
473,"What is explainability in AI, and why does it matter?","Explainability refers to how understandable a model's decisions are to humans, important for trust, debugging, and compliance in sensitive applications.",Artificial Intelligence,Hard
474,What is the difference between functional testing and non-functional testing?,"Functional testing verifies that software behaves according to specified requirements, while non-functional testing evaluates aspects like performance, usability, and reliability.",Software Testing,Hard
475,What is single sign-on (SSO)?,SSO allows a user to authenticate once and gain access to multiple independent systems without logging in separately to each.,Security,Medium
476,"What is configuration drift in DevOps, and how is it prevented?",Configuration drift occurs when server configurations gradually diverge from their intended state over time; it's prevented using infrastructure as code and automated configuration management.,DevOps,Hard
